{
"responses":[
	{
	  "ResponseID" : "R_6lH4H3w1Q71UJaR",
	  "ResponseSet" : "Default Response Set",
	  "IPAddress" : "208.65.71.66",
	  "StartDate" : "2014-09-22 07:08:05",
	  "EndDate" : "2014-09-22 07:11:48",
	  "RecipientLastName" : "Lingemann",
	  "RecipientFirstName" : "Lynette",
	  "RecipientEmail" : "lling@lssm.org",
	  "ExternalDataReference" : "",
	  "Finished" : "1",
	  "Status" : "0",
	  "Q1" : "1",
	  "Q2" : "1",
	  "Q3_1" : "3",
	  "Q3_2" : "4",
	  "Q3_3" : "4",
	  "Q3_4" : "4",
	  "Q3_5" : "4",
	  "Q3_6" : "2",
	  "Q3_7" : "4",
	  "Q4_1_TEXT" : "",
	  "Q4_2_TEXT" : "",
	  "Q4_3_TEXT" : "",
	  "LocationLatitude" : "42.931396484375",
	  "LocationLongitude" : "-85.649696350098",
	  "LocationAccuracy" : "-1"
	},
	{
	  "ResponseID" : "R_0cuTtRxhsP6aasB",
	  "ResponseSet" : "Default Response Set",
	  "IPAddress" : "208.65.71.66",
	  "StartDate" : "2014-09-22 08:53:58",
	  "EndDate" : "2014-09-22 08:58:48",
	  "RecipientLastName" : "Simmons",
	  "RecipientFirstName" : "Katie",
	  "RecipientEmail" : "ksimm@lssm.org",
	  "ExternalDataReference" : "",
	  "Finished" : "1",
	  "Status" : "0",
	  "Q1" : "1",
	  "Q2" : "1",
	  "Q3_1" : "3",
	  "Q3_2" : "4",
	  "Q3_3" : "3",
	  "Q3_4" : "2",
	  "Q3_5" : "4",
	  "Q3_6" : "4",
	  "Q3_7" : "4",
	  "Q4_1_TEXT" : "",
	  "Q4_2_TEXT" : "",
	  "Q4_3_TEXT" : "",
	  "LocationLatitude" : "42.931396484375",
	  "LocationLongitude" : "-85.649696350098",
	  "LocationAccuracy" : "-1"
	},
	{
	  "ResponseID" : "R_1FHmZQoO0vuEq0t",
	  "ResponseSet" : "Default Response Set",
	  "IPAddress" : "208.65.71.66",
	  "StartDate" : "2014-09-22 08:48:57",
	  "EndDate" : "2014-09-22 09:01:06",
	  "RecipientLastName" : "Oosterbaan",
	  "RecipientFirstName" : "Ashley",
	  "RecipientEmail" : "aoost@lssm.org",
	  "ExternalDataReference" : "",
	  "Finished" : "1",
	  "Status" : "0",
	  "Q1" : "1",
	  "Q2" : "1",
	  "Q3_1" : "3",
	  "Q3_2" : "3",
	  "Q3_3" : "3",
	  "Q3_4" : "3",
	  "Q3_5" : "4",
	  "Q3_6" : "4",
	  "Q3_7" : "3",
	  "Q4_1_TEXT" : "Colorful, eye-catching\r\nGood FAQ's and responses",
	  "Q4_2_TEXT" : "Add link for Adoptive Family Support Network\r\nUpdate events page regularly - maybe add regional divisions so families can seek out events in their area\r\nInclude information about match parties, how to meet available children once approved",
	  "Q4_3_TEXT" : "Facebook page - can be used to notify our adoptive families of upcoming events and can provide a medium for adoptive families to connect with one another\r\n\r\nIn this technological age, people will usually seek out information online first. Having a helpful website, ads, social media presence, etc. may increase the interest/traffic we get.",
	  "LocationLatitude" : "42.931396484375",
	  "LocationLongitude" : "-85.649696350098",
	  "LocationAccuracy" : "-1"
	},
	{
	  "ResponseID" : "R_2a9022VTdKxD0Tr",
	  "ResponseSet" : "Default Response Set",
	  "IPAddress" : "208.65.71.66",
	  "StartDate" : "2014-09-22 11:18:21",
	  "EndDate" : "2014-09-22 11:28:04",
	  "RecipientLastName" : "Fisher",
	  "RecipientFirstName" : "Chris",
	  "RecipientEmail" : "cfish@lssm.org",
	  "ExternalDataReference" : "",
	  "Finished" : "1",
	  "Status" : "0",
	  "Q1" : "1",
	  "Q2" : "1",
	  "Q3_1" : "3",
	  "Q3_2" : "4",
	  "Q3_3" : "3",
	  "Q3_4" : "2",
	  "Q3_5" : "3",
	  "Q3_6" : "2",
	  "Q3_7" : "5",
	  "Q4_1_TEXT" : "",
	  "Q4_2_TEXT" : "I would like more specifics as far as the process.  I would also like to see some of LAS's \"unmatched\" children.  I would like the website to be a hub where people can go and know what they will be getting into as for adoption.",
	  "Q4_3_TEXT" : "",
	  "LocationLatitude" : "42.931396484375",
	  "LocationLongitude" : "-85.649696350098",
	  "LocationAccuracy" : "-1"
	},
	{
	  "ResponseID" : "R_8pKvTosMoJvnDW5",
	  "ResponseSet" : "Default Response Set",
	  "IPAddress" : "208.65.71.66",
	  "StartDate" : "2014-09-23 13:50:52",
	  "EndDate" : "2014-09-23 13:53:59",
	  "RecipientLastName" : "Roelfzema",
	  "RecipientFirstName" : "Natalie",
	  "RecipientEmail" : "nroel@lssm.org",
	  "ExternalDataReference" : "",
	  "Finished" : "1",
	  "Status" : "0",
	  "Q1" : "1",
	  "Q2" : "1",
	  "Q3_1" : "2",
	  "Q3_2" : "4",
	  "Q3_3" : "2",
	  "Q3_4" : "2",
	  "Q3_5" : "2",
	  "Q3_6" : "2",
	  "Q3_7" : "3",
	  "Q4_1_TEXT" : "The colors that are used",
	  "Q4_2_TEXT" : "update the information and make it more user friendly",
	  "Q4_3_TEXT" : "update picture and information",
	  "LocationLatitude" : "42.931396484375",
	  "LocationLongitude" : "-85.649696350098",
	  "LocationAccuracy" : "-1"
	},
	{
	  "ResponseID" : "R_a5ddV4VUrKXE9YF",
	  "ResponseSet" : "Default Response Set",
	  "IPAddress" : "208.65.71.66",
	  "StartDate" : "2014-09-23 13:07:59",
	  "EndDate" : "2014-09-24 07:44:19",
	  "RecipientLastName" : "Wolterstorff",
	  "RecipientFirstName" : "Jane",
	  "RecipientEmail" : "jwolt@lssm.org",
	  "ExternalDataReference" : "",
	  "Finished" : "1",
	  "Status" : "0",
	  "Q1" : "1",
	  "Q2" : "1",
	  "Q3_1" : "3",
	  "Q3_2" : "4",
	  "Q3_3" : "3",
	  "Q3_4" : "4",
	  "Q3_5" : "4",
	  "Q3_6" : "4",
	  "Q3_7" : "4",
	  "Q4_1_TEXT" : "It is simple- some websites can be so complicated you don't know what is going on.",
	  "Q4_2_TEXT" : "Videos, stories, pictures - even of the locations,",
	  "Q4_3_TEXT" : "Maybe a page for each location with staff names & contact info, pictures of staff.\r\nThe graphics could be updated, they are very static and give the impression that no one is keeping things up to date, but its the information that no one has to change very much.",
	  "LocationLatitude" : "42.931396484375",
	  "LocationLongitude" : "-85.649696350098",
	  "LocationAccuracy" : "-1"
	},
	{
	  "ResponseID" : "R_eaDzPmQcI0NKNVj",
	  "ResponseSet" : "Default Response Set",
	  "IPAddress" : "50.141.76.131",
	  "StartDate" : "2014-09-24 12:37:41",
	  "EndDate" : "2014-09-24 12:44:23",
	  "RecipientLastName" : "Hunter",
	  "RecipientFirstName" : "Megan",
	  "RecipientEmail" : "mhunt2@lssm.org",
	  "ExternalDataReference" : "",
	  "Finished" : "1",
	  "Status" : "0",
	  "Q1" : "1",
	  "Q2" : "1",
	  "Q3_1" : "5",
	  "Q3_2" : "3",
	  "Q3_3" : "2",
	  "Q3_4" : "2",
	  "Q3_5" : "2",
	  "Q3_6" : "2",
	  "Q3_7" : "2",
	  "Q4_1_TEXT" : "the pictures of the families and kids.",
	  "Q4_2_TEXT" : "Make the website more easily accessible and the links more helpful. By the website an outsider would have not idea what the adoption process entails or how to go about pursuing adoption.",
	  "Q4_3_TEXT" : "Update all of the information.",
	  "LocationLatitude" : "41.760604858398",
	  "LocationLongitude" : "-88.320098876953",
	  "LocationAccuracy" : "-1"
	}
]}